x1,x2,x3,clase
0.756910387,0.515282021,1,1
0.862883112,0.333603046,1,1
0.321810503,0.032974053,1,1
0.491320894,0.066666559,1,1
0.792898531,0.48939616,1,1
0.761927904,0.486371083,1,1
0.544740879,0.554834535,1,1
0.735590644,0.106857296,1,1
0.585934061,0.031431986,1,1
0.712937095,0.535227296,1,1
0.641638729,0.535934006,1,1
0.863928086,0.385893806,1,1
0.799784361,0.470708797,1,1
0.898967465,0.403417103,1,1
0.613961255,0.556709933,1,1
0.445649486,0.045795544,1,1
0.700338112,0.109507236,1,1
0.848946257,0.257895375,1,1
0.786012455,0.140902165,1,1
0.685193767,0.045527946,1,1
0.490547566,0.031024113,1,1
0.448657123,0.017193434,1,1
0.430202597,0.584421502,1,1
0.729979884,0.462243231,1,1
0.908861229,0.307081803,1,1
0.849186322,0.373470259,1,1
0.867464229,0.256739806,1,1
0.838507822,0.205561273,1,1
0.864121176,0.438208102,1,1
0.83209084,0.473953528,1,1
0.797257404,0.082561168,1,1
0.773963496,0.48193643,1,1
0.773180403,0.521527229,1,1
0.903949549,0.346523301,1,1
0.541008274,0.552655925,1,1
0.454206037,0.035716381,1,1
0.706372409,0.495258068,1,1
0.439345235,0.555423323,1,1
0.84374753,0.189201959,1,1
0.502766917,0.575490562,1,1
0.622691992,0.049553209,1,1
0.677494867,0.530213269,1,1
0.811261231,0.133553606,1,1
0.826467715,0.165174174,1,1
0.576842627,0.563446726,1,1
0.701780806,0.115743187,1,1
0.894013393,0.414727279,1,1
0.868441096,0.274161678,1,1
0.729620711,0.115203056,1,1
0.258082761,0.606927341,1,1
0.586128213,0.538335348,1,1
0.870101391,0.258707347,1,1
0.729848397,0.164352866,1,1
0.861210637,0.394765417,1,1
0.678045595,0.483969215,1,1
0.911522131,0.308140886,1,1
0.869598013,0.295108419,1,1
0.564477997,0.543993806,1,1
0.965695415,0.273002255,1,1
0.703690516,0.064363758,1,1
0.693911365,0.515920122,1,1
0.439163845,0.026360861,1,1
0.408190718,0.023164771,1,1
0.366411847,0.02546627,1,1
0.861313164,0.17881828,1,1
0.410324118,0.019230823,1,1
0.540615909,0.58512437,1,1
0.526279031,0.065491274,1,1
0.313472723,0.052333878,1,1
0.841933483,0.430619451,1,1
0.344118878,0.590562123,1,1
0.944485598,0.299401679,1,1
0.807686993,0.474545012,1,1
0.928304761,0.221730253,1,1
0.651551039,0.116653407,1,1
0.470801498,0.567233082,1,1
0.908484997,0.201010837,1,1
0.756196642,0.468023989,1,1
0.834718473,0.403873171,1,1
0.633011785,0.093211077,1,1
0.851091165,0.411359431,1,1
0.700955373,0.500860616,1,1
0.649500455,0.074971155,1,1
0.769626052,0.138675326,1,1
0.510779825,0.586676807,1,1
0.476797566,0.038351347,1,1
0.745202828,0.118778866,1,1
0.538011202,0.049504572,1,1
0.260019867,0.02117719,1,1
0.846559513,0.253322701,1,1
0.521689182,0.057940017,1,1
0.913008299,0.404802767,1,1
0.750726942,0.121460794,1,1
0.594750655,0.537141304,1,1
0.389443188,0.551310725,1,1
0.646541141,0.537876875,1,1
0.405377257,0.008909758,1,1
0.871081951,0.204901154,1,1
0.773222174,0.466514991,1,1
0.503445808,0.065726209,1,1
0.720521075,0.512685167,1,1
0.537179528,0.562170446,1,1
0.905723921,0.258073274,1,1
0.897765945,0.205679214,1,1
0.835852577,0.445010888,1,1
0.858057713,0.249914637,1,1
0.64540022,0.536449867,1,1
0.566026014,0.072788013,1,1
0.906464802,0.320808117,1,1
0.477785305,0.536273312,1,1
0.882280063,0.342232551,1,1
0.850377788,0.424593744,1,1
0.954791811,0.314371356,1,1
0.921274869,0.360724303,1,1
0.852403238,0.193299245,1,1
0.410598995,0.550977656,1,1
0.961026268,0.316899796,1,1
0.671667421,0.513010446,1,1
0.935538635,0.29449996,1,1
0.389460142,0.563999487,1,1
0.780311893,0.477488926,1,1
0.844965944,0.218214769,1,1
0.91237632,0.351022201,1,1
0.668124164,0.092528787,1,1
0.875640218,0.279958679,1,1
0.410642552,0.554942575,1,1
0.380342282,0.590041244,1,1
0.705605912,0.096932705,1,1
0.895434855,0.412758924,1,1
0.679483571,0.11349553,1,1
0.472414289,0.599634911,1,1
0.294496494,0.016758018,1,1
0.963434455,0.370048682,1,1
0.613737418,0.045597579,1,1
0.952958846,0.295834094,1,1
0.941366527,0.315120929,1,1
0.699836951,0.097289495,1,1
0.701868809,0.105054017,1,1
0.706495021,0.073022323,1,1
0.776459949,0.107016176,1,1
0.618400968,0.080800566,1,1
0.383927594,0.033906108,1,1
0.724703269,0.087011395,1,1
0.731523246,0.501777133,1,1
0.855598039,0.272876066,1,1
0.32279198,0.042689908,1,1
0.865607857,0.4560575,1,1
0.414407979,0.542420291,1,1
0.352869242,0.005422712,1,1
0.885985941,0.421680234,1,1
0.289809749,0.009521507,1,1
0.497273543,0.040060087,1,1
0.914754726,0.200183416,1,1
0.396285571,0.026288733,1,1
0.329986891,0.568777722,1,1
0.386156535,0.055269517,1,1
0.861887076,0.254672545,1,1
1,0.289510773,1,1
0.775895314,0.146437869,1,1
0.624472207,0.067010959,1,1
0.60388331,0.056210148,1,1
0.556984222,0.064557506,1,1
0.887241378,0.381802237,1,1
0.556874296,0.572333057,1,1
0.664747595,0.463152866,1,1
0.876688745,0.390179501,1,1
0.873833931,0.295335965,1,1
0.286173361,0.592318188,1,1
0.900763395,0.318889142,1,1
0.457537643,0.019322879,1,1
0.7419644,0.471108467,1,1
0.769485764,0.459378773,1,1
0.404477529,0.576474093,1,1
0.733038564,0.506385063,1,1
0.848408487,0.459840672,1,1
0.631356354,0.086166723,1,1
0.513226371,0.550238922,1,1
0.442864272,0.034495658,1,1
0.80753306,0.192290748,1,1
0.459834382,0.560838631,1,1
0.84535958,0.212141109,1,1
0.434775836,0.067580596,1,1
0.817784796,0.42130965,1,1
0.391008041,0.034062209,1,1
0.849408821,0.419613365,1,1
0.436447962,0.048121655,1,1
0.935350762,0.222181867,1,1
0.755556416,0.125699336,1,1
0.966867973,0.337294973,1,1
0.778685476,0.455391806,1,1
0.954238839,0.383517424,1,1
0.66195963,0.084705514,1,1
0.726856434,0.506175804,1,1
0.872039396,0.343185522,1,1
0.877293011,0.436080041,1,1
0.501427852,0.044588264,1,1
0.481441263,0.045299717,1,1
0.785371245,0.093747153,1,1
0.893459977,0.289499651,1,1
0.509432664,0.054685863,1,1
0.834653758,0.193328637,1,1
0.359201327,0.582804279,1,1
0.800842672,0.137247806,1,1
0.784703817,0.115574455,1,1
0.794255107,0.095379909,1,1
0.842761068,0.16189747,1,1
0.726180739,0.479776802,1,1
0.32314691,0.606217517,1,1
0.935887818,0.248464352,1,1
0.618464427,0.54699598,1,1
0.532381486,0.026702568,1,1
0.947031979,0.35197042,1,1
0.68816933,0.082791428,1,1
0.729145068,0.515117232,1,1
0.37203531,0.013249116,1,1
0.96482943,0.302895407,1,1
0.832235717,0.425839725,1,1
0.865984414,0.420349498,1,1
0.845449266,0.170816035,1,1
0.344897338,0.014405561,1,1
0.677422679,0.057927319,1,1
0.924080424,0.280982379,1,1
0.315705633,0.58740958,1,1
0.966734183,0.306595273,1,1
0.977903291,0.348754801,1,1
0.537756369,0.061858398,1,1
0.892631759,0.399026509,1,1
0.624282777,0.075617636,1,1
0.860965124,0.364395081,1,1
0.440046126,0.009683418,1,1
0.361159607,0.011181409,1,1
0.758881507,0.105076279,1,1
0.455470797,0.029956608,1,1
0.590485207,0.057287542,1,1
0.35207699,0.580160144,1,1
0.850884205,0.163318797,1,1
0.87000647,0.34187732,1,1
0.301740082,0.59430289,1,1
0.574568923,0.063417876,1,1
0.462742756,0.017135575,1,1
0.429064772,0.583289701,1,1
0.846209919,0.148785143,1,1
0.47623101,0.055305238,1,1
0.756241503,0.492915853,1,1
0.764333263,0.117559657,1,1
0.343205085,0.573899115,1,1
0.940070442,0.299316199,1,1
0.690939873,0.512987006,1,1
0.896704189,0.389470635,1,1
0.849059787,0.156992701,1,1
0.634452804,0.515666313,1,1
0.57721195,0.577009794,1,1
0.561925797,0.53465664,1,1
0.794638791,0.445785753,1,1
0.304775247,0.593373997,1,1
0.525038608,0.090057913,1,1
0.324895812,0.578651751,1,1
0.49409807,0.553560905,1,1
0.862426077,0.197246721,1,1
0.92137708,0.389198687,1,1
0.672233246,0.112171658,1,1
0.802581974,0.146008913,1,1
0.878428798,0.424080198,1,1
0.913435057,0.297004263,1,1
0.723234218,0.522660358,1,1
0.816770069,0.432998862,1,1
0.84143328,0.384600232,1,1
0.89054645,0.16063241,1,1
0.838567251,0.361915007,1,1
0.87334077,0.359653902,1,1
0.662736355,0.521468555,1,1
0.377679755,0.007704031,1,1
0.351919213,0.007087563,1,1
0.380592969,0.009154811,1,1
0.365644402,0.5792723,1,1
0.904715885,0.40793352,1,1
0.572407855,0.557754823,1,1
0.587925458,0.56011009,1,1
0.845783,0.33353608,1,1
0.525508897,0.058421344,1,1
0.45450344,0.552645695,1,1
0.863149911,0.405246272,1,1
0.578357711,0.550091925,1,1
0.953941547,0.289255987,1,1
0.811269526,0.123667673,1,1
0.553894756,0.058189672,1,1
0.593359643,0.073756879,1,1
0.50549599,0.073036942,1,1
0.669616206,0.538324237,1,1
0.613548925,0.053203263,1,1
0.703265642,0.473950424,1,1
0.858520246,0.289484978,1,1
0.725289719,0.129933896,1,1
0.310663388,0.57778974,1,1
0.892828601,0.377233936,1,1
0.621980189,0.547493529,1,1
0.908554338,0.412001839,1,1
0.855558745,0.218509591,1,1
0.63426663,0.529136282,1,1
0.453389482,0.044825458,1,1
0.890425248,0.278022981,1,1
0.871665258,0.256464815,1,1
0.293124094,0.57673377,1,1
0.90545413,0.371083811,1,1
0.822725903,0.457977055,1,1
0.414972465,0.027252915,1,1
0.805224046,0.174365638,1,1
0.65394114,0.526685068,1,1
0.919397925,0.270408429,1,1
0.363976008,0.036859869,1,1
0.848850327,0.244522973,1,1
0.370398841,0.566433943,1,1
0.245591971,0.038294575,1,1
0.39757961,0.563592451,1,1
0.899671628,0.321511748,1,1
0.500700456,0.579081961,1,1
0.704793488,0.083407955,1,1
0.741731674,0.465057198,1,1
0.705303622,0.541977059,1,1
0.832700722,0.429320627,1,1
0.755663963,0.143808822,1,1
0.874331301,0.380758784,1,1
0.871206273,0.345576097,1,1
0.483199774,0.011285981,1,1
0.380297494,0,1,1
0.876720891,0.197723165,1,1
0.678558585,0.036672808,1,1
0.834832025,0.362072797,1,1
0.802891504,0.184463547,1,1
0.83040084,0.475266837,1,1
0.789114512,0.169270067,1,1
0.339962585,0.611362026,1,1
0.506798159,0.591868819,1,1
0.927612586,0.283755454,1,1
0.631822931,0.55068394,1,1
0.525234749,0.024548509,1,1
0.905561466,0.342076113,1,1
0.849387929,0.41041369,1,1
0.463040281,0.038028968,1,1
0.365971555,0.018678987,1,1
0.543051051,0.056069815,1,1
0.834800626,0.179852489,1,1
0.791942335,0.110005119,1,1
0.923925265,0.452102768,1,1
0.81919045,0.167782413,1,1
0.594970808,0.076783833,1,1
0.852211439,0.196296713,1,1
0.54629455,0.587950237,1,1
0.34641081,0.590219436,1,1
0.468197476,0.578032186,1,1
0.422612487,0.024884739,1,1
0.848216287,0.175691411,1,1
0.863660251,0.194609616,1,1
0.679441746,0.553098901,1,1
0.840671852,0.436193343,1,1
0.977415236,0.237660114,1,1
0.330613364,0.008055851,1,1
0.837881513,0.137851746,1,1
0.425571682,0.003705237,1,1
0.443328202,0.597188827,1,1
0.823459082,0.424437083,1,1
0.308058696,0.031914976,1,1
0.588356334,0.01489202,1,1
0.731749662,0.507268666,1,1
0.765801847,0.464317497,1,1
0.503997275,0.015880585,1,1
0.505800992,0.04607376,1,1
0.634254287,0.535834349,1,1
0.884617708,0.296327983,1,1
0.684900672,0.123434671,1,1
0.681918761,0.520162055,1,1
0.867151209,0.486727942,1,1
0.737068487,0.101710917,1,1
0.681491951,0.525734895,1,1
0.921173103,0.247968542,1,1
0.816222164,0.445083276,1,1
0.690235396,0.570634542,1,1
0.584740461,0.030199612,1,1
0.324164646,0.017789808,1,1
0.900760701,0.299949324,1,1
0.751435791,0.497734668,1,1
0.380592772,0.033640125,1,1
0.909630301,0.422492269,1,1
0.474059292,0.040402604,1,1
0.630400574,0.545284811,1,1
0.877596099,0.284422943,1,1
0.905922818,0.239107426,1,1
0.368058274,0.568962924,1,1
0.796941536,0.451763153,1,1
0.331117871,0.043624324,1,1
0.796275656,0.150939489,1,1
0.587262968,0.551301235,1,1
0.642386613,0.066948709,1,1
0.700635292,0.062914868,1,1
0.869306149,0.402172981,1,1
0.443380707,0.562750817,1,1
0.786627931,0.492505621,1,1
0.940237802,0.280842492,1,1
0.826030298,0.507480186,1,1
0.53902547,0.568740432,1,1
0.291574562,0.609544992,1,1
0.793099486,0.461004846,1,1
0.669410961,0.499292987,1,1
0.901834502,0.19054182,1,1
0.884559163,0.298767098,1,1
0.900281772,0.22514205,1,1
0.422689204,0.010587565,1,1
0.481218854,0.054299935,1,1
0.706051853,0.127332369,1,1
0.484921692,0.057690079,1,1
0.91235057,0.354459708,1,1
0.598553861,0.0555873,1,1
0.926638219,0.339413341,1,1
0.825658198,0.181967616,1,1
0.69522808,0.529681965,1,1
0.37371764,0.017123524,1,1
0.337375228,0.002892762,1,1
0.872355105,0.324694133,1,1
0.791392779,0.14822611,1,1
0.49190783,0.067088591,1,1
0.692784257,0.101076276,1,1
0.826976269,0.203669925,1,1
0.872680161,0.446950143,1,1
0.743968563,0.112391662,1,1
0.729678722,0.513335208,1,1
0.8488069,0.434938923,1,1
0.717611663,0.102471064,1,1
0.846867257,0.180371339,1,1
0.343144906,0.024522905,1,1
0.657477989,0.551229233,1,1
0.298278748,0.023820431,1,1
0.358163647,0.0247655,1,1
0.839302355,0.1803698,1,1
0.84253121,0.173170061,1,1
0.686904507,0.097330537,1,1
0.566415928,0.507196621,1,1
0.86296696,0.357550341,1,1
0.301976124,0.598139346,1,1
0.334031266,0.589771211,1,1
0.525237704,0.537859548,1,1
0.697010903,0.13863358,1,1
0.272836565,0.596771231,1,1
0.393900765,0.593295294,1,1
0.327689202,0.034993591,1,1
0.846233125,0.387234267,1,1
0.6113218,0.054865399,1,1
0.748991106,0.132232927,1,1
0.976341966,0.338612364,1,1
0.933837713,0.276621472,1,1
0.352331876,0.058751204,1,1
0.72053801,0.499449139,1,1
0.576211989,0.558261992,1,1
0.892552612,0.34276723,1,1
0.375628931,0.567589603,1,1
0.856437214,0.388044423,1,1
0.588382493,0.541456629,1,1
0.814886555,0.454423651,1,1
0.495437488,0.59192079,1,1
0.619697811,0.079784348,1,1
0.924789284,0.247987399,1,1
0.619478934,0.553815014,1,1
0.856390484,0.244048692,1,1
0.462050649,0.566979167,1,1
0.863246289,0.187379314,1,1
0.891385244,0.325628147,1,1
0.270183858,0.573407963,1,1
0.443502244,0.554709566,1,1
0.940692947,0.382786384,1,1
0.925529301,0.313228182,1,1
0.358557236,0.598112367,1,1
0.492517774,0.595211389,1,1
0.662609058,0.585865529,1,1
0.888553894,0.408106603,1,1
0.371613329,0.564859446,1,1
0.725393525,0.115963392,1,1
0.354050879,0.572617781,1,1
0.84269726,0.240118531,1,1
0.699583639,0.078743861,1,1
0.443433542,0.010438093,1,1
0.859322967,0.160645311,1,1
0.674679403,0.512650624,1,1
0.433020528,0.054420899,1,1
0.643596362,0.065534616,1,1
0.480551064,0.060174336,1,1
0.708471809,0.537722728,1,1
0.447816266,0.554027028,1,1
0.837212643,0.237981679,1,1
0.566384619,0.031513731,1,1
0.554360412,0.043185092,1,1
0.673685617,0.080197402,1,1
0.550192593,0.526807968,1,1
0.753878319,0.489598643,1,1
0.524522134,0.566818466,1,1
0.43167143,0.034901517,1,1
0.863230393,0.267714952,1,1
0.90344525,0.272309165,1,1
0.491213156,0.52568196,1,1
0.297448218,0.588932618,1,1
0.841901235,0.166800631,1,1
0.86783951,0.249335097,1,1
0.592804055,0.245347433,1,0
0.658321933,0.256702066,1,0
0.261204467,0.877295379,1,0
0.243043247,0.441681269,1,0
0.28425877,0.860212252,1,0
0.743245467,0.270542514,1,0
0.264359425,0.410172344,1,0
0.125681547,0.826462591,1,0
0.121881158,0.81519657,1,0
0.319148048,0.895925409,1,0
0.276533799,0.329146306,1,0
0.194983655,0.847990495,1,0
0.225194532,0.348959877,1,0
0.669940222,0.96815641,1,0
0.132945539,0.750329273,1,0
0.11979419,0.42144482,1,0
0.34244248,0.330474907,1,0
0.083449069,0.676044665,1,0
0.083591968,0.583772367,1,0
0.251765106,0.849718229,1,0
0.131144206,0.434420731,1,0
0.199484249,0.358892803,1,0
0.349541842,0.883698273,1,0
0.25399283,0.866564632,1,0
0.07153785,0.542625345,1,0
0.074624408,0.661906464,1,0
0.072488844,0.592701156,1,0
0.180116273,0.422361927,1,0
0,0.577669554,1,0
0.2304536,0.826178055,1,0
0.477865654,0.316473828,1,0
0.574303012,0.255363417,1,0
0.358675097,0.89300266,1,0
0.453671166,0.289400467,1,0
0.606338278,0.265202626,1,0
0.124430481,0.465851649,1,0
0.408767642,0.318254276,1,0
0.232483289,0.837330541,1,0
0.312758546,0.8965244,1,0
0.445263897,0.938961235,1,0
0.629459104,0.239181426,1,0
0.691530371,0.948108386,1,0
0.27085706,0.332563679,1,0
0.662906399,0.276137669,1,0
0.443470983,0.296494971,1,0
0.633342569,0.279413964,1,0
0.110744568,0.55687469,1,0
0.315883655,0.860633022,1,0
0.677013929,0.964820263,1,0
0.278184759,0.902886556,1,0
0.42313646,0.329297733,1,0
0.206563342,0.785960484,1,0
0.176743117,0.3972156,1,0
0.139998336,0.762428653,1,0
0.068806156,0.532812389,1,0
0.258820763,0.368146507,1,0
0.197451558,0.858564316,1,0
0.454693005,0.278292068,1,0
0.097083806,0.429775061,1,0
0.599317271,0.97464406,1,0
0.384202469,0.91098827,1,0
0.195499422,0.799759248,1,0
0.116035665,0.546173195,1,0
0.484082148,0.294991407,1,0
0.415352238,0.92157614,1,0
0.37647685,0.912173154,1,0
0.140266792,0.557985446,1,0
0.51828862,0.949164833,1,0
0.127468971,0.70819579,1,0
0.638182935,0.937178449,1,0
0.672566529,0.949123635,1,0
0.144131887,0.619572102,1,0
0.179660767,0.431612782,1,0
0.010982917,0.593154945,1,0
0.135902872,0.519074291,1,0
0.267853534,0.358837029,1,0
0.452693737,0.272371852,1,0
0.10577954,0.692713098,1,0
0.186393736,0.820871255,1,0
0.399290607,0.312483484,1,0
0.651283849,0.963137966,1,0
0.474772637,0.945252552,1,0
0.562242661,0.974611107,1,0
0.469731522,0.267758968,1,0
0.686030207,0.249920297,1,0
0.69452325,0.965428421,1,0
0.228670798,0.419861454,1,0
0.23893307,0.376744796,1,0
0.341026683,0.343888373,1,0
0.196212306,0.760162903,1,0
0.305855168,0.366006546,1,0
0.184966702,0.811414837,1,0
0.429993601,0.315435814,1,0
0.390043023,0.965210628,1,0
0.604317489,0.258125403,1,0
0.228575551,0.862429258,1,0
0.534422448,0.266750626,1,0
0.675644029,0.94205555,1,0
0.121225881,0.736110972,1,0
0.736958526,0.98388703,1,0
0.677236414,0.26904716,1,0
0.425613096,0.301245413,1,0
0.640956501,0.978021711,1,0
0.106064133,0.676094783,1,0
0.37422049,0.322906213,1,0
0.389610372,0.287215264,1,0
0.111435586,0.597072334,1,0
0.039068644,0.673282903,1,0
0.100947335,0.61550146,1,0
0.124631375,0.47715862,1,0
0.349559144,0.301093221,1,0
0.112870099,0.620773684,1,0
0.070234481,0.518235659,1,0
0.079219514,0.57272444,1,0
0.253126223,0.843464814,1,0
0.580366733,0.263175952,1,0
0.413274397,0.92767327,1,0
0.67684776,1,1,0
0.361737607,0.88028405,1,0
0.253302586,0.357435373,1,0
0.382143018,0.905026766,1,0
0.669065735,0.952118148,1,0
0.6541223,0.944537186,1,0
0.100271874,0.509161223,1,0
0.126662923,0.501154999,1,0
0.194743839,0.386501486,1,0
0.181255748,0.828607787,1,0
0.516208484,0.950020904,1,0
0.415441144,0.316206389,1,0
0.295439715,0.350961003,1,0
0.301982053,0.322761856,1,0
0.081837043,0.527618267,1,0
0.073587726,0.698116054,1,0
0.091154863,0.451646933,1,0
0.071413007,0.503987771,1,0
0.241390465,0.859635855,1,0
0.174474053,0.415165034,1,0
0.722784005,0.954153355,1,0
0.510359572,0.933694539,1,0
0.37839682,0.283760369,1,0
0.113022237,0.510828972,1,0
0.457365814,0.275962412,1,0
0.661028198,0.955724095,1,0
0.096421167,0.567956971,1,0
0.044021023,0.718649889,1,0
0.112726379,0.774578206,1,0
0.101063728,0.591629524,1,0
0.479565771,0.947829639,1,0
0.240375926,0.39614584,1,0
0.088527193,0.524895426,1,0
0.252377201,0.766981912,1,0
0.422429005,0.312449954,1,0
0.452731644,0.936702957,1,0
0.519996263,0.951905092,1,0
0.418280345,0.288019139,1,0
0.380647549,0.916281795,1,0
0.223868849,0.849325835,1,0
0.169667873,0.440885809,1,0
0.667927032,0.983135426,1,0
0.142346997,0.458542485,1,0
0.629224899,0.994346572,1,0
0.175074402,0.827924741,1,0
0.601615983,0.254597782,1,0
0.213571766,0.819290995,1,0
0.314725278,0.860713938,1,0
0.13033401,0.435560163,1,0
0.198450684,0.802282253,1,0
0.112927884,0.733280273,1,0
0.18780872,0.483899682,1,0
0.523470349,0.300558355,1,0
0.23727164,0.835848825,1,0
0.417219919,0.9210611,1,0
0.418569679,0.291442859,1,0
0.096951028,0.657682772,1,0
0.119484366,0.574269745,1,0
0.388236757,0.335773946,1,0
0.272554117,0.872326806,1,0
0.309987325,0.342624209,1,0
0.157156218,0.790115442,1,0
0.102955473,0.721869387,1,0
0.156284534,0.445933569,1,0
0.263809931,0.38263572,1,0
0.339572951,0.863223079,1,0
0.398143219,0.285805954,1,0
0.486293714,0.282482246,1,0
0.048028977,0.622123332,1,0
0.413497674,0.956869479,1,0
0.69729517,0.295714265,1,0
0.08751486,0.586619441,1,0
0.078505957,0.608648011,1,0
0.276419711,0.887514416,1,0
0.447346378,0.914315712,1,0
0.386919888,0.322079362,1,0
0.09019123,0.737109279,1,0
0.32715443,0.289199155,1,0
0.176664405,0.416408437,1,0
0.163971682,0.772229622,1,0
0.51046386,0.93829868,1,0
0.675032641,0.976385634,1,0
0.109647097,0.554059464,1,0
0.072503163,0.601263869,1,0
0.666213946,0.967688893,1,0
0.207235585,0.812816526,1,0
0.679167815,0.974297344,1,0
0.22771439,0.850381982,1,0
0.488765148,0.944900737,1,0
0.171890353,0.770379036,1,0
0.562860845,0.268537029,1,0
0.054819603,0.573255371,1,0
0.475419332,0.28261716,1,0
0.187030112,0.816655893,1,0
0.647215351,0.994818824,1,0
0.715231996,0.262134292,1,0
0.068125198,0.549641195,1,0
0.229975599,0.397200811,1,0
0.235764219,0.843080458,1,0
0.260023055,0.844690784,1,0
0.63519358,0.231289038,1,0
0.347545586,0.88431964,1,0
0.61367136,0.996565612,1,0
0.606710103,0.98065041,1,0
0.215928575,0.814382797,1,0
0.259256623,0.355563913,1,0
0.664069699,0.281728976,1,0
0.605502815,0.284914545,1,0
0.184919948,0.383035075,1,0
0.356464071,0.337754308,1,0
0.268243107,0.318373151,1,0
0.140942278,0.733863704,1,0
0.064746168,0.652196883,1,0
0.545061487,0.974864517,1,0
0.634414685,0.285275827,1,0
0.463508602,0.306086207,1,0
0.163243665,0.467879081,1,0
0.190436325,0.457432066,1,0
0.362394905,0.884223008,1,0
0.155516979,0.449672916,1,0
0.09419135,0.510725538,1,0
0.563848006,0.278519547,1,0
0.477010881,0.271419377,1,0
0.087639428,0.679530274,1,0
0.236927713,0.326450066,1,0
0.051164593,0.571621538,1,0
0.267493434,0.38236308,1,0
0.674947263,0.966828892,1,0
0.152514956,0.461465348,1,0
0.097518124,0.501534161,1,0
0.425484042,0.95884929,1,0
0.452201584,0.326576191,1,0
0.168633173,0.432730218,1,0
0.473837821,0.94044848,1,0
0.426513644,0.922797618,1,0
0.074208073,0.590485953,1,0
0.056504673,0.535435651,1,0
0.534746996,0.258647927,1,0
0.250339258,0.860281707,1,0
0.43922668,0.278651024,1,0
0.610207689,0.249197857,1,0
0.485165677,0.299189915,1,0
0.275084014,0.898164334,1,0
0.645810031,0.244481538,1,0
0.158605553,0.782242647,1,0
0.291038292,0.335662548,1,0
0.118533149,0.790936382,1,0
0.369339444,0.896923076,1,0
0.095991943,0.537580816,1,0
0.250884167,0.358185998,1,0
0.13274253,0.457071891,1,0
0.6829184,0.941202211,1,0
0.551398774,0.264028602,1,0
0.296893132,0.867214306,1,0
0.310057582,0.862630989,1,0
0.297590673,0.380432922,1,0
0.140808247,0.531226781,1,0
0.595897389,0.258700511,1,0
0.11528545,0.439084546,1,0
0.390477834,0.891933755,1,0
0.223400038,0.379647517,1,0
0.642459858,0.279331767,1,0
0.368000289,0.889015172,1,0
0.092160454,0.612124407,1,0
0.132057921,0.52005624,1,0
0.138382078,0.462265075,1,0
0.427283152,0.280447749,1,0
0.691448611,0.246731294,1,0
0.67605981,0.986137724,1,0
0.212434937,0.791852536,1,0
0.323382476,0.919330246,1,0
0.094395704,0.517714152,1,0
0.402678655,0.272224945,1,0
0.149219995,0.469104579,1,0
0.529805036,0.979472559,1,0
0.499145733,0.270443985,1,0
0.65898036,0.951683071,1,0
0.70003337,0.935034312,1,0
0.138357638,0.502701398,1,0
0.637616195,0.928964585,1,0
0.588127026,0.261397937,1,0
0.279505597,0.869058557,1,0
0.496373857,0.301727511,1,0
0.563661673,0.984432895,1,0
0.358636419,0.911576788,1,0
0.184746716,0.421411054,1,0
0.230088574,0.426439839,1,0
0.336190687,0.392130665,1,0
0.309608716,0.871742798,1,0
0.064979129,0.536333341,1,0
0.108419056,0.766316576,1,0
0.494382622,0.974253206,1,0
0.591432608,0.9726338,1,0
0.155078036,0.544472408,1,0
0.361480406,0.307321094,1,0
0.575644694,0.96440602,1,0
0.519016692,0.285355258,1,0
0.571071389,0.216350485,1,0
0.665549185,0.934174495,1,0
0.671176801,0.954106502,1,0
0.445326716,0.32213094,1,0
0.136621581,0.45844835,1,0
0.086665779,0.576763647,1,0
0.468693864,0.927455504,1,0
0.610776174,0.958662443,1,0
0.1092603,0.532044134,1,0
0.132178706,0.47485985,1,0
0.34468088,0.872304497,1,0
0.128026586,0.417378348,1,0
0.485946699,0.299786654,1,0
0.157731722,0.388858272,1,0
0.180053859,0.446186405,1,0
0.363388244,0.308400865,1,0
0.413124415,0.29565912,1,0
0.159532519,0.431738967,1,0
0.163432185,0.518602124,1,0
0.385054428,0.931802267,1,0
0.092709447,0.545250023,1,0
0.130652033,0.645142019,1,0
0.458613742,0.95640484,1,0
0.562350306,0.933018185,1,0
0.206046466,0.853742776,1,0
0.404275396,0.303440831,1,0
0.128516667,0.618022552,1,0
0.103497802,0.732630951,1,0
0.089064115,0.540576588,1,0
0.333917493,0.320437023,1,0
0.088028445,0.591424329,1,0
0.016149251,0.703476833,1,0
0.657470644,0.262882284,1,0
0.18052286,0.74800283,1,0
0.533194121,0.942424766,1,0
0.432183087,0.924792676,1,0
0.681410153,0.255015473,1,0
0.177184703,0.478862588,1,0
0.202085053,0.83070116,1,0
0.111337974,0.699101902,1,0
0.421664773,0.258788419,1,0
0.690323167,0.987028944,1,0
0.070887904,0.626037465,1,0
0.037409804,0.575253204,1,0
0.426430567,0.930908871,1,0
0.113846851,0.764103591,1,0
0.401487397,0.302289741,1,0
0.090026669,0.586224143,1,0
0.189026421,0.753960076,1,0
0.240234922,0.393427367,1,0
0.16481256,0.833222426,1,0
0.125166271,0.476869118,1,0
0.610511323,0.991792051,1,0
0.70448274,0.969805796,1,0
0.418282843,0.944481811,1,0
0.101440662,0.497941995,1,0
0.228167098,0.881892114,1,0
0.244848906,0.879135966,1,0
0.185542599,0.864324296,1,0
0.604581801,0.25517889,1,0
0.670937547,0.934666805,1,0
0.16891087,0.770989862,1,0
0.318043522,0.948426723,1,0
0.484568772,0.918627808,1,0
0.187126701,0.799729602,1,0
0.097559932,0.600634546,1,0
0.168572291,0.42863165,1,0
0.129087775,0.51667479,1,0
0.146145695,0.721208293,1,0
0.110216912,0.449382464,1,0
0.311438385,0.317080373,1,0
0.130243431,0.720045699,1,0
0.602325563,0.259804621,1,0
0.128796526,0.431519872,1,0
0.421842705,0.286482296,1,0
0.153356977,0.44036872,1,0
0.081440756,0.55116797,1,0
0.140421361,0.711211516,1,0
0.137585792,0.482291645,1,0
0.624209267,0.282242216,1,0
0.38386988,0.940841255,1,0
0.274289468,0.3140142,1,0
0.639348471,0.95831509,1,0
0.370764641,0.910377385,1,0
0.130957788,0.674814075,1,0
0.095063738,0.708643708,1,0
